0,1,2,3,4,5,6,7
0.9456767152252041,-0.32510852077555297,0.050245044439736944,-0.9987369200691686,0.7886088994382637,-0.6148951160374999,-0.9949508710184978,-0.10036316186496276
-0.9849280962289841,-0.1729642889695701,-0.7301663054516551,0.6832694683527725,0.9401667094825021,0.3407147757007971,0.06628566723383932,-0.9978006866701209
0.8378362526811882,-0.5459216186350785,0.3813685286256501,0.9244230878628609,0.40393917261371187,-0.9147858464297258,-0.7091160907478133,0.7050917456916787
-0.7913045008922887,0.6114222655968671,0.8436258067014167,0.5369315582710555,0.2523256262647882,-0.9676423814251226,0.4234090034652322,0.905938637979736
-0.460640628765981,0.8875867344266033,0.5863211987142758,-0.8100786702155875,-0.5756204222601634,-0.8177170228612287,-0.3124549038765093,-0.9499325939473396
0.9792622687546159,0.20259666580070487,-0.23877647589224082,-0.9710745566435577,0.917909182012875,0.39679054118823787,-0.8859715891209643,0.4637395209279378
-0.9757500612541041,-0.21888768344201567,-0.3325726587752636,-0.9430776355290968,0.9041763640747759,0.42715934105263154,-0.7787908532703042,0.6272836733588015
0.41985807755111787,-0.9075897722622702,-0.9853908319873284,-0.17030827412466137,-0.647438389430159,-0.7621177939741873,0.9419901835293584,0.3356404238680521
0.2498224353313681,-0.9682916661859197,-0.8695605157330398,0.49382639609288786,-0.8751775016102088,-0.4838019643152692,0.5122709810438204,-0.85882387133824
-0.9849280962289841,-0.1729642889695701,-0.28770972900419045,0.957717657682229,0.9401667094825021,0.3407147757007971,-0.8344462236726706,-0.5510893755085643
0.8730141131611882,0.48769494381363454,0.790256700668375,0.6127759354354041,0.5243072835572317,0.8515291377333113,0.24901130590253084,0.9685005779723191
-0.5886101794985833,-0.8084170066188895,0.999745676912677,0.022551751471079105,-0.307076113181291,0.9516849587513039,0.9989828370111734,0.045092032080040874
-0.8876992129540946,0.46042383444026974,0.29915894785089586,-0.9542032927635206,0.5760197853586381,-0.8174357509158676,-0.82100784784149,-0.5709169061979903
0.9925248341660544,0.12204283495415105,-0.6561306139034908,-0.7546473464464235,0.9702110928727077,0.24226108904804786,-0.13898523499725662,0.9902944534090643
-0.5312628721982164,-0.8472070352775062,-0.7730104533627369,-0.6343932841636457,-0.435519521247403,0.9001792858161273,0.19509032201612792,0.9807852804032305
-0.26711492882562954,0.9636646796466491,-0.8769365431847179,0.48060617893160446,-0.8572992295969577,-0.5148184446311755,0.5380354015455251,-0.8429222423709944
0.5012188231127275,0.8653205714401411,0.1248119171239511,0.9921804197543126,-0.4975593827149848,0.8674299168649207,-0.9688439706876879,0.24767188064476456
-0.9757500612541041,-0.21888768344201567,0.9654157746357293,0.26071513589451384,0.9041763640747759,0.42715934105263154,0.8640552358310103,0.5033970097577231
0.5012188231127275,0.8653205714401411,0.4472396932127596,-0.8944141416675816,-0.4975593827149848,0.8674299168649207,-0.5999533136299134,-0.8000350126491257
0.16740049945272573,0.9858889758907835,0.8439467817812543,-0.5364269097659663,-0.9439541455659559,0.3300766139381069,0.42449234095787175,-0.905431528315701
-0.842061800555739,0.5393810564386062,0.9989412931868569,0.04600318213091459,0.4181361519103461,-0.9083843671406988,0.9957674144676598,0.09190895649713265
0.9456767152252041,-0.32510852077555297,0.21980551633683798,-0.9755437124946765,0.7886088994382637,-0.6148951160374999,-0.9033710699757921,-0.4288597788680964
-0.5312628721982164,-0.8472070352775062,-0.47948084413241293,-0.8775523460797474,-0.435519521247403,0.9001792858161273,-0.5401962402201376,0.8415390793373932
-0.18298769473342458,0.9831152036135679,-0.7936998047016568,0.6083096415613942,-0.933031007152294,-0.3597959695332562,0.2599187599668963,-0.9656304874108268
0.9263545762067327,0.3766526239664935,-0.9600239819700294,0.27991776299907933,0.7162656017183104,0.6978277637032698,0.8432920919151825,-0.5374555309170382
-0.9964581510348565,-0.08409014945994034,-0.8588735630340523,-0.5121876635777083,0.9858576935276098,0.16758462970219376,0.4753275945576166,0.8798088871181458
0.5893300375838327,0.8078923856563065,-0.9726815731928186,-0.23214339786249244,-0.3053802136028767,0.9522305000050468,0.8922188856577131,0.4516032108784311
-0.5312628721982164,-0.8472070352775062,-0.6878722491666859,-0.72583177722277,-0.435519521247403,0.9001792858161273,-0.053663537652729645,0.9985590742297593
0.054322929014808334,-0.9985234195467085,0.5107044456410821,0.8597563429265498,-0.9940980387665042,-0.10848543367931905,-0.47836193840487007,0.8781627730014153
0.16740049945272573,-0.9858889758907835,-0.9991579661975626,-0.04102875313667822,-0.9439541455659559,-0.3300766139381069,0.9966332828320991,0.08198841107933054
-0.992685276951662,0.1207308615201683,-0.8577286100002718,0.5141027441932221,0.9708481181531959,-0.23969549740952206,0.4713967368259968,-0.8819212643483555
0.9456767152252041,0.32510852077555297,-0.7798130661716551,-0.6260124454257773,0.7886088994382637,0.6148951160374999,0.2162168363440765,0.9763453690581826
-0.9573576918749708,-0.288905260955609,-0.7701280009259879,0.6378893808410213,0.833067500384343,0.5531713475979958,0.1861942756205168,-0.9825129473580239
0.5434034193930801,0.839471693264227,-0.4015541695436024,0.9158352739014521,-0.4094254475838167,0.9123435772069596,-0.6775084978442957,-0.7355149457004705
0.46168595641617,0.8870434474410407,-0.8420436498225443,0.5394093916437943,-0.5736921552961727,0.8190710048290271,0.4180750164129433,-0.9084125057765977
-0.9986746475468355,0.051467935136392216,-0.3895614643842773,0.9210004698515508,0.9947021033055923,-0.10279944396459977,-0.6964837309335549,-0.7175725834679552
0.8730141131611882,-0.48769494381363454,0.6441343961467471,0.7649123346506222,0.5243072835572317,-0.8515291377333113,-0.17018175940133107,0.9854126895707541
-0.8876992129540946,-0.46042383444026974,-0.3095661766689245,0.9508779008172312,0.5760197853586381,0.8174357509158676,-0.8083375645251685,-0.5887192724699262
0.2498224353313681,-0.9682916661859197,0.9008020834438717,0.4342299004711445,-0.8751775016102088,-0.4838019643152692,0.6228887870736399,0.782310398076064
0.2909814616092115,-0.956728691427077,0.9819118867897002,0.18933844454069818,-0.8306595779995339,-0.5567806259898384,0.928301906837818,0.37182733864156786
-0.992685276951662,0.1207308615201683,0.8256062107545515,-0.5642467410304742,0.9708481181531959,-0.23969549740952206,0.3632512304729779,-0.9316912275855491
0.8378362526811882,-0.5459216186350785,0.6732890878170571,-0.7393793371649462,0.40393917261371187,-0.9147858464297258,-0.09336360845295036,-0.9956320789411338
-0.9964581510348565,-0.08409014945994034,0.7902732586782952,0.6127545810665053,0.9858576935276098,0.16758462970219376,0.24906364676402332,0.9684871190989613
0.6930271637036031,0.7209114719360064,0.31604503361051006,-0.9487441892997983,-0.039426700737878705,0.9992224653544003,-0.8002310734602631,-0.5996917783900618
-0.9573576918749708,-0.288905260955609,0.9999576445519639,0.009203754782059773,0.833067500384343,0.5531713475979958,0.9998305817958234,0.018406729905804727
0.5434034193930801,0.839471693264227,-0.9257863758829035,0.37804706880175576,-0.4094254475838167,0.9123435772069596,0.7141608275408011,-0.6999816514782642
-0.5886101794985833,-0.8084170066188895,0.9853441713640122,0.17057802894560675,-0.307076113181291,0.9516849587513039,0.9418062720820635,0.33615613316863074
-0.5312628721982164,0.8472070352775062,0.6394390019805849,-0.7688418320734595,-0.435519521247403,-0.9001792858161273,-0.18223552549214714,-0.9832549075639546
0.8028080526494864,-0.5962375622192377,0.927591935255724,-0.3735949700525165,0.2890015387977211,-0.9573286324834066,0.7208535967029186,-0.6930873625456361
-0.9757500612541041,-0.21888768344201567,0.6310560871585148,-0.7757372073454933,0.9041763640747759,0.42715934105263154,-0.2035364297203698,-0.9790673734614411
0.7705443782272299,0.6373863515815283,0.9953362612814294,0.09646619603936998,0.1874772776351766,0.9822689399398227,0.9813885460433877,0.1920326058117359
0.8378362526811882,0.5459216186350785,0.4268153759150644,0.9043387832457935,0.40393917261371187,0.9147858464297258,-0.6356572697649645,0.7719713954512506
-0.399966328630697,-0.9165298336451909,0.6878043551820299,0.7258961144631042,-0.6800538719233626,0.7331621452871409,-0.053850337985264285,0.9985490178748727
-0.9986746475468355,0.051467935136392216,0.2945521090110547,-0.9556354195388217,0.9947021033055923,-0.10279944396459977,-0.8264781101542795,-0.562968856541648
0.9652626690636841,0.26128141861229387,-0.39058767874138767,-0.9205657310672685,0.8634640405758945,0.504410399012897,-0.694882530430829,0.719123264052866
0.37360288267614206,0.92758874834491,0.8763794769539667,0.48162123330880235,-0.7208417721121536,0.6930996606392258,0.5360819752522165,0.844165929074185
-0.9986746475468355,-0.051467935136392216,-0.009715058828409012,-0.9999528077024238,0.9947021033055923,0.10279944396459977,-0.9998112352639211,0.01942920070492362
-0.14779401801380715,0.9890181637560225,-0.7598025081989348,0.6501539421818556,-0.9563138564786688,-0.29234193662028013,0.1545997029307847,-0.9879771919703982
0.9263545762067327,-0.3766526239664935,-0.3921720398035301,0.9198918910373862,0.7162656017183104,-0.6978277637032698,-0.6924021823926769,-0.7215117586137167
-0.35602633016680474,-0.9344759238353642,-0.8955436464828408,0.4449736815186001,-0.7464905044559147,0.6653960675846785,0.6039968455115668,-0.7969867066721229
-0.9964581510348565,0.08409014945994034,0.5978000530623887,0.8016452435825995,0.9858576935276098,-0.16758462970219376,-0.2852701931172106,0.958447138301779
0.6550916766433008,0.7555493995713775,0.995253216334821,-0.09731924462917911,-0.14170979038533815,0.9899082459041058,0.981057929249612,-0.19371458245693154
-0.7913045008922887,-0.6114222655968671,0.7142026249956941,0.6999390048063188,0.2523256262647882,0.9676423814251226,0.020170779101480085,0.9997965491390932
-0.7913045008922887,0.6114222655968671,0.9547364673826026,-0.2974529842677471,0.2523256262647882,-0.9676423814251226,0.8230434443004229,-0.5679784228244035
0.8028080526494864,0.5962375622192377,-0.1814092965438444,-0.9834076810394901,0.2890015387977211,0.9573286324834066,-0.934181334254935,0.3567985912663745
-0.7322528614247573,-0.6810328530513452,-0.9204990146984021,-0.3907448834460547,0.07238850612948956,0.9973765107422276,0.6946368721214583,0.7193605604210707
0.5012188231127275,0.8653205714401411,-0.7056590522248563,0.7085515521210278,-0.4975593827149848,0.8674299168649207,-0.004090604026235107,-0.9999916334443506
0.33014442118559667,0.9439304323730787,0.01772507194586189,0.9998428985718276,-0.7820093223200547,0.6232667324705602,-0.9993716436490281,0.035444574623489475
-0.7913045008922887,0.6114222655968671,0.9243864200895253,0.38145739782323224,0.2523256262647882,-0.9676423814251226,0.7089805072918567,0.7052280767809671
0.9041518148953461,-0.42721130090559595,0.7326542716724129,-0.680600997795453,0.6349810087570967,-0.7725277461151928,0.07356456359966763,-0.9972904566786902
-0.9304750377814115,-0.36635529758102425,-0.028556050793696598,-0.9995921928281892,0.7315675918686384,0.6817689187162476,-0.9983691039261356,0.05708881086276867
0.13923475103950314,-0.990259402430983,-0.9283236987140986,-0.3717729285542123,-0.9612273682059351,-0.27575704272401014,0.7235697791884491,0.6902512402344374
0.46168595641617,-0.8870434474410407,-0.7216198449996442,0.6922895343009957,-0.5736921552961727,-0.8190710048290271,0.0414704013946209,-0.9991397328743208
-0.7913045008922887,0.6114222655968671,0.3031275451163964,0.9529499941716286,0.2523256262647882,-0.9676423814251226,-0.8162273827834141,0.5777307847038601
0.9652626690636841,-0.26128141861229387,0.9470870177588719,0.3209769162924433,0.8634640405758945,-0.504410399012897,0.7939476384147877,0.6079861408416983
-0.9304750377814115,-0.36635529758102425,0.9980090764666483,-0.06307046289815643,0.7315675918686384,0.6817689187162476,0.9920442334196246,-0.1258897888586262
0.6930271637036031,0.7209114719360064,0.5704258882494891,-0.8213490768332191,-0.039426700737878705,0.9992224653544003,-0.34922861202956257,-0.937037553430974
-0.5886101794985833,-0.8084170066188895,0.2848337794351043,-0.958576923409235,-0.307076113181291,0.9516849587513039,-0.8377394361854287,-0.5460701759478538
0.054322929014808334,-0.9985234195467085,-0.4435111991733842,-0.8962688303225694,-0.9940980387665042,-0.10848543367931905,-0.6065956324155733,0.7950105274361784
0.37360288267614206,-0.92758874834491,-0.5963454616701184,-0.8027279055479842,-0.7208417721121536,-0.6930996606392258,-0.28874418069090685,0.9574062868589995
-0.9757500612541041,0.21888768344201567,-0.9984377181061134,0.05587596140611195,0.9041763640747759,-0.42715934105263154,0.9937557538738854,-0.11157733480660735
0.9925248341660544,0.12204283495415105,-0.6853465526433461,0.7282170711950395,0.9702110928727077,0.24226108904804786,-0.060600205559762366,-0.9981621186391089
-0.7913045008922887,-0.6114222655968671,-0.4726331644834422,0.8812592648195918,0.2523256262647882,0.9676423814251226,-0.5532357836607349,-0.833024710124071
0.16740049945272573,0.9858889758907835,0.34274190546327044,0.9394296068569515,-0.9439541455659559,0.3300766139381069,-0.7650559724788133,0.6439637870055251
0.9041518148953461,0.42721130090559595,0.16739288770059133,0.9858902683094388,0.6349810087570967,0.7725277461151928,-0.9439592422945144,0.3300620379364555
-0.842061800555739,-0.5393810564386062,-0.05691060148590766,0.9983792783499226,0.4181361519103461,0.9083843671406988,-0.9935223668770244,-0.11363673048392103
0.9456767152252041,-0.32510852077555297,0.7715930436345445,0.6361164791253091,0.7886088994382637,-0.6148951160374999,0.19071164997044032,0.981646100468775
-0.5312628721982164,-0.8472070352775062,0.48294070442466525,0.8756530568723027,-0.435519521247403,0.9001792858161273,-0.5335365520196163,0.8457770082350426
0.054322929014808334,0.9985234195467085,0.9859882395723573,0.16681484174078692,-0.9940980387665042,0.10848543367931905,0.9443456171499924,0.32895494428507976
0.8028080526494864,0.5962375622192377,0.923607053395024,-0.38334059388350883,0.2890015387977211,0.9573286324834066,0.7060999781620775,-0.7081121527268923
-0.9757500612541041,-0.21888768344201567,0.7813940690702039,-0.6240379065584954,0.9041763640747759,0.42715934105263154,0.221153382356181,-0.9752390381195888
0.33014442118559667,0.9439304323730787,0.026585867474618084,-0.9996465333559768,-0.7820093223200547,0.6232667324705602,-0.998586383301244,-0.05315294051452677
-0.14779401801380715,-0.9890181637560225,-0.5171952456935471,-0.8558674417408291,-0.9563138564786688,0.29234193662028013,-0.4650181556639828,0.8853011436245114
-0.7913045008922887,0.6114222655968671,-0.9993521629879409,-0.035989642000498014,0.2523256262647882,-0.9676423814251226,0.997409491337352,0.07193265315671866
0.9884526692278894,0.1515299333341785,-0.39774847452701106,0.9174944964474913,0.9540773586074789,0.29956033414418576,-0.6835923020228712,-0.7298640726978356
-0.8876992129540946,-0.46042383444026974,0.2117779067509037,0.9773178184256162,0.5760197853586381,0.8174357509158676,-0.910300236424411,0.4139486436330735
0.054322929014808334,0.9985234195467085,0.9559311471393019,0.2935909431997832,-0.9940980387665042,0.10848543367931905,0.8276087161421234,0.5613054542453567
0.33014442118559667,0.9439304323730787,0.9606708614908236,0.27768956747144613,-0.7820093223200547,0.6232667324705602,0.8457770082350423,0.5335365520196167
-0.9573576918749708,-0.288905260955609,0.8623145725200275,-0.5063729633576443,0.833067500384343,0.5531713475979958,0.48717284396079563,-0.8733055708668933
0.8028080526494864,0.5962375622192377,0.39911280385757364,-0.91690183214832,0.2890015387977211,0.9573286324834066,-0.681417939593892,-0.7318945221817247
0.011881081069515891,0.9999294174653627,0.9896778251272078,0.14331016171744387,-0.9997176798252392,0.02376048494539955,0.9589243950970402,0.28366177833429657
-0.9573576918749708,0.288905260955609,0.3269256117156266,-0.9450500750776983,0.833067500384343,-0.5531713475979958,-0.7862392888087266,-0.6179221477933508
0.9652626690636841,-0.26128141861229387,-0.560507602240894,-0.8281492787113709,0.8634640405758945,-0.504410399012897,-0.3716624556603276,0.9283679330160726
-0.5312628721982164,-0.8472070352775062,0.5203012216177737,-0.8539828094189322,-0.435519521247403,0.9001792858161273,-0.45857327756610455,-0.8886565979624977
-0.8876992129540946,0.46042383444026974,-0.6402128404624882,-0.7681975780402804,0.5760197853586381,-0.8174357509158676,-0.1802550378139055,0.9836199069471436
0.9884526692278894,0.1515299333341785,-0.9084125057765975,-0.41807501641294376,0.9540773586074789,0.29956033414418576,0.6504265613026337,0.7595691465245488
-0.9849280962289841,-0.1729642889695701,0.43730732045885523,-0.8993121301712192,0.9401667094825021,0.3407147757007971,-0.6175246149461922,-0.7865515558026422
0.7705443782272299,0.6373863515815283,-0.990515677212176,-0.13739975690263923,0.1874772776351766,0.9822689399398227,0.9622426136061912,0.2721932265144121
0.20562050483477,0.9786318040976874,-0.7245156608592729,-0.6892583384839469,-0.9154404159829886,0.40245353121185645,0.04984588566069766,0.9987569212189223
-0.35602633016680474,0.9344759238353642,0.609304218011823,0.7929365484785027,-0.7464905044559147,-0.6653960675846785,-0.2574967398260019,0.966279167207376
0.9456767152252041,-0.32510852077555297,-0.6783118362696158,0.7347741508630676,0.7886088994382637,-0.6148951160374999,-0.0797861055530839,-0.9968120070307501
-0.9757500612541041,-0.21888768344201567,-0.9325967211889834,0.3609201513182072,0.9041763640747759,0.42715934105263154,0.7394732887448848,-0.6731858994607836
0.8730141131611882,0.48769494381363454,-0.35457522009646436,-0.9350274933356473,0.5243072835572317,0.8515291377333113,-0.7485528265870878,0.6630751584914649
-0.8876992129540946,-0.46042383444026974,-0.9212972727723963,-0.38885901710278603,0.5760197853586381,0.8174357509158676,0.6975773296357104,0.7165095038995027
0.37360288267614206,0.92758874834491,0.7298984258946499,0.683555621640633,-0.7208417721121536,0.6930996606392258,0.06550342424697565,0.9978523444938738
0.011881081069515891,0.9999294174653627,-0.9975503093602269,0.0699527004147485,-0.9997176798252392,0.02376048494539955,0.9902132394093689,-0.13956267587863128
-0.9304750377814115,0.36635529758102425,-0.9618145127994393,-0.27370210625491576,0.7315675918686384,-0.6817689187162476,0.8501743140632456,0.5265013159595043
0.8730141131611882,0.48769494381363454,-0.9892923711400317,-0.14594726583301862,0.5243072835572317,0.8515291377333113,0.9573987911917324,0.28876903335470305
-0.9849280962289841,-0.1729642889695701,-0.7706459693025285,-0.6372635169204074,0.9401667094825021,0.3407147757007971,0.18779042000446733,0.9822091213965312
0.8028080526494864,-0.5962375622192377,-0.9948133459088545,-0.10171728860734487,0.2890015387977211,-0.9573286324834066,0.9793071863967402,0.2023794324324987
-0.5886101794985833,-0.8084170066188895,-0.320664652415197,-0.9471927896111968,-0.307076113181291,0.9516849587513039,-0.7943483613828818,0.6074624933017104
-0.26711492882562954,0.9636646796466491,-0.19976876723788883,-0.9798430688820808,-0.8572992295969577,-0.5148184446311755,-0.9201848792725084,0.39148408391432615
0.9652626690636841,-0.26128141861229387,0.18007237394037912,-0.9836533638144467,0.8634640405758945,-0.504410399012897,-0.9351478802869526,-0.35425759271301366
0.37360288267614206,-0.92758874834491,0.7599152917886071,0.6500221144744509,-0.7208417721121536,-0.6930996606392258,0.15494250138832755,0.9879234895797995
-0.9998523807434393,0.017181871890936784,0.8647254670535744,-0.5022448273790161,0.9994095665566469,-0.03435867103156384,0.49550026674204467,-0.8686077858611231
0.6550916766433008,0.7555493995713775,0.2306962811138005,-0.973025809462556,-0.14170979038533815,0.9899082459041058,-0.8935584517605246,-0.4489468713415142
0.33014442118559667,0.9439304323730787,0.9120658105759135,0.4100438478730072,-0.7820093223200547,0.6232667324705602,0.6637280856429963,0.7479739489639217
-0.9849280962289841,0.1729642889695701,0.6413571332514179,0.7672424829397307,0.9401667094825021,-0.3407147757007971,-0.17732205525504616,0.9841528787338512
0.8028080526494864,-0.5962375622192377,0.9984152292792278,-0.05627637109220056,0.2890015387977211,-0.9573286324834066,0.9936659401133858,-0.11237437189404466
-0.9757500612541041,-0.21888768344201567,0.823384058744508,0.5674845300141851,0.9041763640747759,0.42715934105263154,0.3559226163891589,0.9345154311955987
-0.35602633016680474,0.9344759238353642,0.6701028071143075,-0.7422682991328171,-0.7464905044559147,-0.6653960675846785,-0.10192445579505033,-0.9947921417617265
0.6310215595294468,0.7757652940219901,0.5141027441932214,-0.8577286100002722,-0.20362358281804965,0.9790492513251521,-0.47139673682599814,-0.8819212643483548
-0.9304750377814115,-0.36635529758102425,0.9985601716053734,0.05364311403570159,0.7315675918686384,0.6817689187162476,0.9942448326331055,0.10713175431387359
0.7296841994996976,0.6837843000541072,0.44435442175631873,-0.8958510746020276,0.06487806199902936,0.9978931992308847,-0.6050982957312152,-0.7961507724691215
0.6930271637036031,0.7209114719360064,0.8755681556765642,-0.48309461264346537,-0.039426700737878705,0.9992224653544003,0.5332391904697202,-0.8459645180190463
-0.9573576918749708,0.288905260955609,0.28425669956761734,-0.9587482092556551,0.833067500384343,-0.5531713475979958,-0.8383962575018507,-0.5450612033587517
0.9884526692278894,-0.1515299333341785,-0.8468372366619621,-0.5318521360328752,0.9540773586074789,-0.29956033414418576,0.43426661079453616,0.900784386381684
-0.8876992129540946,-0.46042383444026974,-0.004828248638394889,-0.999988343939611,0.5760197853586381,0.8174357509158676,-0.9999533760301716,0.009656384720074376
-0.024148277790223806,0.9997083878210516,-0.7936119916363811,-0.6084241996591987,-0.9988337213595324,-0.048282471716639096,0.2596399865381271,0.9657054817026158
0.46168595641617,0.8870434474410407,-0.9722959411695633,-0.23375329470446615,-0.5736921552961727,0.8190710048290271,0.890718794429614,0.4545547593523305
-0.9573576918749708,0.288905260955609,-0.7439797987521783,0.6682021094314714,0.833067500384343,-0.5531713475979958,0.1070118819026637,-0.9942577418012144
0.9652626690636841,0.26128141861229387,0.36896476322316224,0.9294433836978322,0.8634640405758945,0.504410399012897,-0.7277300069993516,0.6858637159908109
0.7705443782272299,0.6373863515815283,-0.7088998460795187,0.7053091579076758,0.1874772776351766,0.9822689399398227,0.005077983543130592,-0.9999871069584526
-0.992685276951662,-0.1207308615201683,-0.4729421262321576,0.8810934940373841,0.9708481181531959,0.23969549740952206,-0.5526514904700118,-0.8334124609587227
0.011881081069515891,0.9999294174653627,0.9916895246123127,-0.1286541362498897,-0.9997176798252392,0.02376048494539955,0.9668962264515897,-0.2551699184341217
0.9041518148953461,0.42721130090559595,0.9294433836978323,-0.3689647632231622,0.6349810087570967,0.7725277461151928,0.7277300069993518,-0.6858637159908108
-0.9757500612541041,-0.21888768344201567,-0.5117693750861091,0.8591228705627463,0.9041763640747759,0.42715934105263154,-0.4761842134479467,-0.8793455491801618
0.13923475103950314,0.990259402430983,0.028519883182610038,-0.9995932253988371,-0.9612273682059351,0.27575704272401014,-0.9983732325265006,-0.05701656403700644
0.20562050483477,0.9786318040976874,0.37283596073145225,-0.9278972714613698,-0.9154404159829886,0.40245353121185645,-0.72198669277091,-0.6919069413307859
-0.842061800555739,0.5393810564386062,-0.491295721977907,-0.8709928320980644,0.4181361519103461,-0.9083843671406988,-0.5172570271324143,0.855830104566401
0.9997115018698229,-0.024019013909465425,-0.9926605219824405,-0.1209342304624658,0.9988461739416338,-0.04802416893772769,0.9707498238049024,0.24009327267283212
-0.6618602230512234,-0.7496272708103573,-0.9301942973252182,0.36706752678988597,-0.12388209028516958,0.9922969453276459,0.7305228615527126,-0.6828882403064473
0.16740049945272573,0.9858889758907835,-0.8796295729201113,0.47565934705877744,-0.9439541455659559,0.3300766139381069,0.547496371111235,-0.8368080566175429
0.9963067644861286,0.08586519107986532,-0.9412681327473194,0.3376600394988646,0.9852543379216364,0.1710961414135276,0.7719713954512504,-0.6356572697649647
-0.1068714222456447,-0.9942728494267522,-0.9370375534309741,-0.349228612029562,-0.9771569982143863,0.2125187070369335,0.7560787530798112,0.6544806484085514
-0.9849280962289841,0.1729642889695701,-0.1479753858086607,0.9889910440417435,0.9401667094825021,-0.3407147757007971,-0.956206570389556,-0.2926926626067743
0.5893300375838327,0.8078923856563065,0.9097535160905547,0.41514881664395104,-0.3053802136028767,0.9522305000050468,0.6553029200782543,0.7553661912853349
0.37360288267614206,0.92758874834491,0.10106986275482764,0.9948793307948056,-0.7208417721121536,0.6930996606392258,-0.9795697656854406,0.20110463484209157
-0.14779401801380715,0.9890181637560225,0.6481854194078299,0.7614825421945638,-0.9563138564786688,-0.29234193662028013,-0.1597113241341913,0.9871637619682477
0.37360288267614206,-0.92758874834491,0.5502060140521452,0.8350289468640297,-0.7208417721121536,-0.6930996606392258,-0.3945466842017012,0.9188758969444367
-0.9757500612541041,-0.21888768344201567,0.2596732639950441,0.9656965340965867,0.9041763640747759,0.42715934105263154,-0.8651395919323203,0.5015311420751242
0.37360288267614206,0.92758874834491,0.9940223598470594,0.10917668306045512,-0.7208417721121536,0.6930996606392258,0.9761609037518338,0.21704812827205616
-0.18298769473342458,-0.9831152036135679,0.9956186386759802,-0.0935068249968313,-0.933031007152294,0.3597959695332562,0.982512947358024,-0.1861942756205166
-0.842061800555739,0.5393810564386062,0.34510746824940924,-0.938563176008138,0.4181361519103461,-0.9083843671406988,-0.7618016707169659,-0.6478103229285864
0.9652626690636841,0.26128141861229387,0.19509032201612828,-0.9807852804032304,0.8634640405758945,0.504410399012897,-0.9238795325112867,-0.38268343236508984
-0.7913045008922887,-0.6114222655968671,0.922817695123725,0.3852369421103534,0.2523256262647882,0.9676423814251226,0.7031849968669285,0.7110069339895764
0.2909814616092115,-0.956728691427077,0.41601628858911827,-0.9093571617513855,-0.8306595779995339,-0.5567806259898384,-0.6538608952570709,-0.7566147828674918
-0.06496408107311705,-0.9978876029745662,-0.06263977874454238,-0.9980362008057798,-0.991559336340651,0.12965370228299633,-0.9921525162376695,0.1250335335950354
-0.992685276951662,0.1207308615201683,-0.49408413074658897,0.869414096817154,0.9708481181531959,-0.23969549740952206,-0.5117617434887751,-0.8591274165694686
0.9792622687546159,0.20259666580070487,-0.34169456563393896,-0.939811057509026,0.917909182012875,0.39679054118823787,-0.7664896476324676,0.6422566621470389
-0.842061800555739,-0.5393810564386062,-0.9544172427741626,-0.2984756718651708,0.4181361519103461,0.9083843671406988,0.8218245466092697,0.5697406555534441
0.33014442118559667,0.9439304323730787,0.41124764908448574,0.9115236536275313,-0.7820093223200547,0.6232667324705602,-0.6617507422449673,0.7497239192784466
0.20562050483477,0.9786318040976874,-0.7315396606228577,-0.6817988889223817,-0.9154404159829886,0.40245353121185645,0.07030055012841166,0.9975258556306411
-0.9964581510348565,0.08409014945994034,-0.9357411479774417,0.35268754440986383,0.9858576935276098,-0.16758462970219376,0.7512229920362807,-0.6600484953668618
0.9652626690636841,-0.26128141861229387,0.11770969778107979,-0.9930480487107796,0.8634640405758945,-0.504410399012897,-0.9722888540965737,-0.23378277139167372
-0.7913045008922887,-0.6114222655968671,0.45932795243088376,-0.8882667572951561,0.2523256262647882,0.9676423814251226,-0.5780356642313037,-0.8160115016816096
0.5434034193930801,0.839471693264227,-0.8387978541090161,-0.5444429813507653,-0.4094254475838167,0.9123435772069596,0.40716368011578047,0.913355208883474
0.09660961880189282,0.9953223505754067,-0.3472284466742153,-0.9377805744523671,-0.9813331631099059,0.19231542574818797,-0.7588648116404232,0.6512481843766975
-0.9849280962289841,0.1729642889695701,0.16771258991245094,-0.9858359331982468,0.9401667094825021,-0.3407147757007971,-0.9437449743697162,-0.3306741951708719
0.9884526692278894,-0.1515299333341785,0.23683130866822602,-0.971550786749975,0.9540773586074789,-0.29956033414418576,-0.8878218624689909,-0.46018728852728236
-0.9998523807434393,-0.017181871890936784,0.9994645874763657,-0.03271908282177657,0.9994095665566469,0.03435867103156384,0.9978589232386035,-0.06540312923014392
-0.14779401801380715,0.9890181637560225,-0.8419421642966607,-0.5395677825625385,-0.9563138564786688,-0.29234193662028013,0.41773321604109037,0.9085697332709073
0.9792622687546159,0.20259666580070487,-0.9193595206920658,-0.39341844353417765,0.917909182012875,0.39679054118823787,0.6904438565742902,0.7233859833580003
-0.9573576918749708,-0.288905260955609,0.6672323449541676,-0.7448496478128741,0.833067500384343,0.5531713475979958,-0.10960199569392526,-0.9939755542969398
-0.26711492882562954,0.9636646796466491,-0.8322059476516749,-0.5544666452485467,-0.8572992295969577,-0.5148184446311755,0.38513347861364455,0.9228608799006237
0.8730141131611882,0.48769494381363454,-0.9975706625119507,0.06966184964144898,0.5243072835572317,0.8515291377333113,0.9902944534090643,-0.1389852349972563
-0.22534532981160502,-0.9742789550904294,-0.6948068082592825,0.7191964260176413,-0.8984389646641979,0.43909842492671747,-0.034486998393097,-0.9994051465456012
-0.9986746475468355,-0.051467935136392216,0.7290030907308477,0.6845104043802924,0.9947021033055923,0.10279944396459977,0.06289101259025706,0.9980204008613112
0.054322929014808334,0.9985234195467085,0.32182679109920764,-0.9467985617494288,-0.9940980387665042,0.10848543367931905,-0.7928550330615739,-0.6094102858903274
0.33014442118559667,0.9439304323730787,-0.9077774785329087,-0.41945208244617715,-0.7820093223200547,0.6232667324705602,0.6481199010631309,0.7615383075367368
-0.6618602230512234,-0.7496272708103573,-0.9780587651824129,-0.20832919106513548,-0.12388209028516958,0.9922969453276459,0.9131978963002926,0.40751638272923474
0.37360288267614206,0.92758874834491,-0.6471396164830451,0.7623715083725109,-0.7208417721121536,0.6930996606392258,-0.1624206335563547,-0.9867216110915745
0.9792622687546159,0.20259666580070487,-0.9999719657612164,0.007487836246117034,0.917909182012875,0.39679054118823787,0.9998878646167026,-0.014975252660655476
-0.7913045008922887,-0.6114222655968671,-0.7929450197537526,-0.6092931935018812,0.2523256262647882,0.9676423814251226,0.2575236087045585,0.9662720067143524
0.09660961880189282,-0.9953223505754067,0.9216972332548886,-0.3879100542784158,-0.9813331631099059,-0.19231542574818797,0.699051579579433,-0.715071247560339
0.37360288267614206,-0.92758874834491,0.6452531586816079,-0.7639688221461709,-0.7208417721121536,-0.6930996606392258,-0.16729672242281546,-0.9859065912481686
-0.8876992129540946,-0.46042383444026974,0.8780936212133412,-0.47848886338601576,0.5760197853586381,0.8174357509158676,0.5420968152311174,-0.8403160375217646
0.7296841994996976,0.6837843000541072,0.6982754301693763,-0.7158291860645055,0.06487806199902936,0.9978931992308847,-0.02482284724354485,-0.9996918656539742
0.6930271637036031,0.7209114719360064,0.9209378568460329,-0.3897094607882079,-0.039426700737878705,0.9992224653544003,0.6962530723443284,-0.7177963912218306
-0.5312628721982164,-0.8472070352775062,-0.7163427192362146,0.697748599853318,-0.435519521247403,0.9001792858161273,0.026293782805468395,-0.9996542587243746
-0.6618602230512234,0.7496272708103573,-0.9769727926812061,-0.21336392000683976,-0.12388209028516958,-0.9922969453276459,0.9089516752786297,0.4169014895729834
0.9963067644861286,0.08586519107986532,0.7711197197453878,-0.636690174119088,0.9852543379216364,0.1710961414135276,0.18925124436041085,-0.9819286972627066
-0.460640628765981,-0.8875867344266033,0.8779232918267192,0.4788013091754628,-0.5756204222601634,0.8177170228612287,0.5414986126637258,0.8407016429645301
-0.7322528614247573,0.6810328530513452,0.25534633012891816,-0.9668496530948819,0.07238850612948956,-0.9973765107422276,-0.8695965033793871,-0.4937630214083915
0.9263545762067327,0.3766526239664935,-0.8805149616483381,-0.4740183565152573,0.7162656017183104,0.6978277637032698,0.5506131953731488,0.8347605100152802
-0.14779401801380715,-0.9890181637560225,-0.1792807588107359,-0.9837979515735163,-0.9563138564786688,0.29234193662028013,-0.9357168190404934,0.35275208654909523
-0.5312628721982164,-0.8472070352775062,0.4258210216971324,0.9048074145810313,-0.435519521247403,0.9001792858161273,-0.6373529149616206,0.7705720354320712
0.8378362526811882,0.5459216186350785,0.6101830483075604,0.792260466991818,0.40393917261371187,0.9147858464297258,-0.25535329511618693,0.9668478136052776
0.2498224353313681,0.9682916661859197,-0.8333139190825148,0.5528000653611936,-0.8751775016102088,0.4838019643152692,0.3888241754733201,-0.9213119778704132
-0.6618602230512234,0.7496272708103573,-0.765099240483972,-0.6439123792961656,-0.12388209028516958,-0.9922969453276459,0.1707536955783019,0.9853137446754473
0.9263545762067327,-0.3766526239664935,-0.671046521805133,0.741415245036972,0.7162656017183104,-0.6978277637032698,-0.09939313114646631,-0.9950482427907209
-0.06496408107311705,-0.9978876029745662,0.16254968220343677,0.986700360198354,-0.991559336340651,0.12965370228299633,-0.9471552016311234,0.3207756599605181
-0.6618602230512234,0.7496272708103573,-0.9473453539004542,0.3202136481214117,-0.12388209028516958,-0.9922969453276459,0.7949264391135534,-0.6067058236066686
0.9999032980893983,0.013906634026391812,-0.6987472824919981,-0.7153686009394372,0.999613211060112,0.02781057845662284,-0.02350447042009567,0.9997237317730688
-0.460640628765981,-0.8875867344266033,-0.6944195171385714,-0.7195703816980193,-0.5756204222601634,0.8177170228612287,-0.03556306843406659,0.9993674340119123
0.09660961880189282,-0.9953223505754067,-0.13115010781634584,0.9913625215932671,-0.9813331631099059,-0.19231542574818797,-0.9655992984395217,-0.2600346031840829
0.8378362526811882,-0.5459216186350785,0.8010522071015536,0.5985944883623051,0.40393917261371187,-0.9147858464297258,0.2833692770045403,0.9590108721228994
-0.5312628721982164,-0.8472070352775062,-0.2607227486954073,-0.9654137187303231,-0.435519521247403,0.9001792858161273,-0.864047296625423,0.5034106367512493
-0.18298769473342458,0.9831152036135679,-0.10287913440803881,-0.9946938643137659,-0.933031007152294,-0.3597959695332562,-0.9788317674069054,0.20466648752317487
0.9925248341660544,0.12204283495415105,-0.36128246140606046,0.9324564242260216,0.9702110928727077,0.24226108904804786,-0.7389499661607568,-0.6737603041965416
-0.5886101794985833,-0.8084170066188895,0.995753648528893,0.09205797869493798,-0.307076113181291,0.9516849587513039,0.9830506571172046,0.1833341363233592
-0.06496408107311705,0.9978876029745662,-0.619369483293063,0.7850996390046834,-0.991559336340651,-0.12965370228299633,-0.23276288633056827,-0.9725335154878021
0.9925248341660544,0.12204283495415105,-0.9233341068355698,-0.38399756139090335,0.9702110928727077,0.24226108904804786,0.7050917456916789,0.7091160907478132
-0.18298769473342458,-0.9831152036135679,0.2108308388426542,0.977522561065934,-0.933031007152294,0.3597959695332562,-0.9111007147858056,0.4121838030743011
-0.8876992129540946,-0.46042383444026974,0.6496257750648466,-0.7602541367012726,0.5760197853586381,0.8174357509158676,-0.1559727047427945,-0.9877613656016402
0.46168595641617,0.8870434474410407,-0.5322093078297194,-0.8466128115374885,-0.5736921552961727,0.8190710048290271,-0.43350650531882184,0.9011504368562788
0.9263545762067327,0.3766526239664935,0.21590709490280094,-0.9764139113975348,0.7162656017183104,0.6978277637032698,-0.9067682527412658,-0.4216293820650452
-0.7913045008922887,-0.6114222655968671,-0.8479902858864622,-0.530011768777068,0.2523256262647882,0.9676423814251226,0.43817504991560774,0.8988896626569107
-0.8876992129540946,0.46042383444026974,0.8267261526045722,0.5626045401519985,0.5760197853586381,-0.8174357509158676,0.36695226280071674,0.9302397738354524
0.9963067644861286,0.08586519107986532,0.07897044188529323,-0.996876957958424,0.9852543379216364,0.1710961414135276,-0.987527338616883,-0.15744762775048726
0.5434034193930801,0.839471693264227,0.26599587700064625,-0.963974166364772,-0.4094254475838167,0.9123435772069596,-0.8584923868373142,-0.5128263075763287
-0.8876992129540946,-0.46042383444026974,-0.7580987686194229,-0.6521397526740067,0.5760197853586381,0.8174357509158676,0.14942748596457067,0.9887726869398791
0.09660961880189282,-0.9953223505754067,-0.924649635529767,0.38081892221194724,-0.9813331631099059,-0.19231542574818797,0.7099538969706617,-0.7042481552522314
0.9999032980893983,-0.013906634026391812,-0.4803055083184866,0.8771012590795433,0.999613211060112,-0.02781057845662284,-0.5386132373578403,-0.8425531321779693
0.09660961880189282,-0.9953223505754067,-0.5418915805747517,0.840448401094438,-0.9813331631099059,-0.19231542574818797,-0.41270702980439467,-0.9108638249211759
-0.9995274098382759,0.030740152601886808,0.7742223132457016,0.6329137458394112,0.9981100860360255,-0.06145125021639451,0.19884038065505047,0.9800318887775818
0.6930271637036031,-0.7209114719360064,0.7272539954857026,-0.6863684331684271,-0.039426700737878705,-0.9992224653544003,0.05779674789983669,-0.9983283707940002
-0.9304750377814115,-0.36635529758102425,0.3949586125412984,-0.9186989138882513,0.7315675918686384,0.6817689187162476,-0.6880153887589051,-0.7256960967450029
-0.9304750377814115,0.36635529758102425,-0.43555025302947353,-0.9001644166961731,0.7315675918686384,-0.6817689187162476,-0.6205919541719231,0.7841336789202933
0.9652626690636841,0.26128141861229387,-0.3999309777633622,-0.9165452596709238,0.8634640405758945,0.504410399012897,-0.6801104260504821,0.7331096837291347
-0.35602633016680474,-0.9344759238353642,0.04825052037566941,-0.9988352653383225,-0.7464905044559147,0.6653960675846785,-0.9953437745669542,-0.09638864264428779
-0.9964581510348565,0.08409014945994034,-0.9979015157579979,-0.06475001813042451,0.9858576935276098,-0.16758462970219376,0.9916148703042194,0.12922828247541693
0.9263545762067327,0.3766526239664935,-0.3170090808176881,0.9484225021999028,0.7162656017183104,0.6978277637032698,-0.7990104853582489,-0.6013170912984058
-0.7322528614247573,-0.6810328530513452,0.1624406979734037,0.9867183081517812,0.07238850612948956,0.9973765107422276,-0.9472260392838269,0.32056642135862273
-0.1068714222456447,0.9942728494267522,0.9140696149104655,0.4055573191269434,-0.9771569982143863,-0.2125187070369335,0.6710465218051332,0.7414152450369718
0.6310215595294468,0.7757652940219901,0.9990339652238428,-0.043944696257064625,-0.20362358281804965,0.9790492513251521,0.9961377273417487,-0.08780448830450527
-0.9757500612541041,-0.21888768344201567,0.9466291704286129,-0.3223247022702977,0.9041763640747759,0.42715934105263154,0.792213572612728,-0.6102439310375631
0.5434034193930801,-0.839471693264227,-0.3541179284157297,-0.9352007767183217,-0.4094254475838167,-0.9123435772069596,-0.7492009855491042,0.6623427234085469
-0.26711492882562954,-0.9636646796466491,-0.02804625627586892,-0.9996066263830529,-0.8572992295969577,0.5148184446311755,-0.9984268150178166,0.05607044723719171
-0.35602633016680474,0.9344759238353642,-0.8927575481812162,-0.4505374126146056,-0.7464905044559147,-0.6653960675846785,0.5940320796690732,0.8044413516994484
0.6930271637036031,0.7209114719360064,-0.949654315340095,-0.31329966702174356,-0.039426700737878705,0.9992224653544003,0.8036866372881293,0.5950527615636272
-0.9849280962289841,-0.1729642889695701,-0.9486445710867442,0.31634392320328697,0.9401667094825021,0.3407147757007971,0.7998530445047058,-0.6001958906861602
0.9041518148953461,0.42721130090559595,-0.5194392178949573,0.8545074013211794,0.6349810087570967,0.7725277461151928,-0.46036579782535014,-0.8877293124554516
-0.9304750377814115,-0.36635529758102425,-0.7883464276266062,0.6152315905806269,0.7315675918686384,0.6817689187162476,0.24298017990326376,-0.970031253194544
-0.26711492882562954,0.9636646796466491,0.2404398142424164,0.9706640488485562,-0.8572992295969577,-0.5148184446311755,-0.8843773914541446,0.4667725671938773
0.8028080526494864,-0.5962375622192377,0.9296223628300955,0.36851358526679895,0.2890015387977211,-0.9573286324834066,0.7283954749476194,0.685156939741423
-0.9573576918749708,-0.288905260955609,0.5549609098002785,0.8318764262759507,0.833067500384343,0.5531713475979958,-0.38403677718729456,0.9233177967350117
0.46168595641617,0.8870434474410407,0.99247953459871,0.1224106751992161,-0.5736921552961727,0.8190710048290271,0.9700312531945441,0.2429801799032637
-0.22534532981160502,-0.9742789550904294,0.8407129778553891,0.5414810143167754,-0.8984389646641979,0.43909842492671747,0.413596622268952,0.9104602319968258
-0.9964581510348565,0.08409014945994034,0.8453518368419164,-0.5342099511877311,0.9858576935276098,-0.16758462970219376,0.4292394561040038,-0.903190726991558
0.9456767152252041,-0.32510852077555297,0.07203465324688874,-0.9974021299012753,0.7886088994382637,-0.6148951160374999,-0.989622017463201,-0.14369503315029328
-0.7322528614247573,-0.6810328530513452,0.9988924075796615,0.04705271596526061,0.07238850612948956,0.9973765107422276,0.995572083840585,0.09400120146740228
0.46168595641617,0.8870434474410407,-0.24801860094128497,-0.9687552702241818,-0.5736921552961727,0.8190710048290271,-0.8769735471742552,0.4805386535509961
0.6550916766433008,0.7555493995713775,-0.7866657143686167,-0.6173791815707055,-0.14170979038533815,0.9899082459041058,0.23768589232617182,0.9713420698132618
-0.7322528614247573,0.6810328530513452,-0.8904487232447581,0.45508358712634345,0.07238850612948956,-0.9973765107422276,0.5857978574564394,-0.8104571982525943
0.9884526692278894,0.1515299333341785,0.4624599195714006,0.8866401878947365,0.9540773586074789,0.29956033414418576,-0.5722616455800273,0.8200710999651427
-0.5312628721982164,-0.8472070352775062,0.7875068030784627,0.6163059590050541,-0.435519521247403,0.9001792858161273,0.24033392978972118,0.9706902709885524
-0.35602633016680474,0.9344759238353642,0.7648593469380341,-0.6441973140284923,-0.7464905044559147,-0.6653960675846785,0.17001964119695215,-0.9854406738141367
0.9982453051431874,0.059214109463746764,0.12088808723577721,-0.992666142448948,0.9929873784808309,0.11822041354084,-0.9707721407289502,-0.24000302244874172
-0.7322528614247573,-0.6810328530513452,0.6682953406920077,-0.7438960529599234,0.07238850612948956,0.9973765107422276,-0.10676267521870668,-0.9942845323045838
0.5434034193930801,-0.839471693264227,0.4129967516401198,0.9107324981215446,-0.4094254475838167,-0.9123435772069596,-0.6588673662694183,0.7522591266745788
-0.1068714222456447,-0.9942728494267522,-0.5245896826784691,0.851355193105265,-0.9771569982143863,0.2125187070369335,-0.4496113296546061,-0.8932243011955155
-0.6618602230512234,0.7496272708103573,0.9934705643154752,0.11408872792126024,-0.12388209028516958,-0.9922969453276459,0.9739675243226174,0.22668758581993823
0.9263545762067327,-0.3766526239664935,-0.1474048304187705,-0.9890762437594047,0.7162656017183104,-0.6978277637032698,-0.9565436319384271,0.29158923196517916
-0.7913045008922887,-0.6114222655968671,-0.8502374026903708,-0.5263994292040334,0.2523256262647882,0.9676423814251226,0.44580728186733587,0.8951289669282622
0.8730141131611882,0.48769494381363454,-0.5934757698185893,0.8048518563302397,0.5243072835572317,0.8515291377333113,-0.29557302127646545,-0.9553201500510193
-0.5312628721982164,-0.8472070352775062,0.16808231170011861,0.9857729639696678,-0.435519521247403,0.9001792858161273,-0.9434966729870884,0.33138199719099903
0.16740049945272573,0.9858889758907835,-0.1876454872738564,-0.9822368202759235,-0.9439541455659559,0.3300766139381069,-0.929578342211514,0.368624613517998
0.2909814616092115,0.956728691427077,-0.9823700666456853,0.18694665591700727,-0.8306595779995339,0.5567806259898384,0.9301018956828961,-0.36730159766475684
-0.842061800555739,-0.5393810564386062,0.21303038627497659,0.9770455744352636,0.4181361519103461,0.9083843671406988,-0.9092361090470685,0.4162807922604012
0.8378362526811882,-0.5459216186350785,0.9951847266721969,0.09801714032956056,0.40393917261371187,-0.9147858464297258,0.9807852804032304,0.1950903220161282
-0.35602633016680474,-0.9344759238353642,0.7574411358948346,0.6529034581424291,-0.7464905044559147,0.6653960675846785,0.14743414869131466,0.9890718739301342
-0.7322528614247573,0.6810328530513452,0.601317091298405,-0.7990104853582496,0.07238850612948956,-0.9973765107422276,-0.2768355114248511,-0.960917321945099
0.9963067644861286,-0.08586519107986532,-0.828247354630912,-0.5603626678740263,0.9852543379216364,-0.1710961414135276,0.3719873609062075,0.9282377946011652
-0.7322528614247573,-0.6810328530513452,-0.7381189974873404,-0.6746705459320745,0.07238850612948956,0.9973765107422276,0.08963930890343291,0.9959742939952391
0.054322929014808334,-0.9985234195467085,-0.5103882397308352,-0.8599440939645201,-0.9940980387665042,-0.10848543367931905,-0.47900768948891886,0.8778107047709589
0.6550916766433008,-0.7555493995713775,-0.22437454159148798,0.9745029836206812,-0.14170979038533815,-0.9899082459041058,-0.8993121301712192,-0.4373073204588553
-0.5886101794985833,-0.8084170066188895,0.7302782072741396,0.68314986641327,-0.307076113181291,0.9516849587513039,0.0666125200390625,0.9977789194877017
0.7296841994996976,0.6837843000541072,0.36410959694449757,-0.931356108807429,0.06487806199902936,0.9978931992308847,-0.7348484028258311,-0.6782313947793372
-0.26711492882562954,-0.9636646796466491,0.19293414274575063,-0.9812117083295339,-0.8572992295969577,0.5148184446311755,-0.9255528331259246,-0.37861847959730427
-0.460640628765981,0.8875867344266033,-0.8311106035003208,-0.5561071522191856,-0.5756204222601634,-0.8177170228612287,0.3814896705013352,0.9243731017834642
0.9884526692278894,-0.1515299333341785,-0.8673654644458489,0.4976717302465921,0.9540773586074789,-0.29956033414418576,0.5046456978267264,-0.8633265428938093
-0.6618602230512234,-0.7496272708103573,-0.5064271605233631,0.8622827442806935,-0.12388209028516958,0.9922969453276459,-0.4870630621684875,-0.8733668035087297
-0.1068714222456447,0.9942728494267522,0.725233481470135,0.6885030118704691,-0.9771569982143863,-0.2125187070369335,0.05192720529058524,0.998650872602988
0.5893300375838327,-0.8078923856563065,0.3415075696609357,-0.9398790240580333,-0.3053802136028767,-0.9522305000050468,-0.7667451597285623,-0.6419516025627021
-0.8876992129540946,-0.46042383444026974,-0.2854005389846395,-0.9584083327826804,0.5760197853586381,0.8174357509158676,-0.8370930646945545,0.5470605094870935
0.41985807755111787,0.9075897722622702,0.5138142415970947,0.8579014658642345,-0.647438389430159,0.7621177939741873,-0.4719898502640051,0.8816039820961349
0.6310215595294468,0.7757652940219901,-0.9933892111480807,0.11479492660651032,-0.20362358281804965,0.9790492513251521,0.9736442496508119,-0.22807208317088618
-0.9304750377814115,-0.36635529758102425,0.47895521238404454,0.8778393386777302,0.7315675918686384,0.6817689187162476,-0.5412038090603095,0.840891453790923
0.2909814616092115,0.956728691427077,0.37048330164286847,-0.9288391266542335,-0.8306595779995339,0.5567806259898384,-0.7254842464075987,-0.6882387726758779
0.2498224353313681,0.9682916661859197,-0.1966184713410193,-0.9804800746203468,-0.8751775016102088,0.4838019643152692,-0.9226823534550416,0.38556098690436225
-0.7322528614247573,-0.6810328530513452,-0.8763813474989127,-0.4816178295661302,0.07238850612948956,0.9973765107422276,0.5360885324880199,0.8441617649093337
0.7296841994996976,-0.6837843000541072,-0.1007689319258337,0.9949098563983205,0.06487806199902936,-0.9978931992308847,-0.9796912447170534,-0.20051200718348666
-0.18298769473342458,-0.9831152036135679,0.1991006939989817,0.9799790373518833,-0.933031007152294,0.3597959695332562,-0.9207178272982477,0.39022901288242795
-0.399966328630697,0.9165298336451909,0.9806638698894335,-0.19569970437760045,-0.6800538719233626,-0.7331621452871409,0.9234032514130396,-0.38383125886231156
0.9041518148953461,-0.42721130090559595,0.21416813058765669,-0.9767968119525107,0.6349810087570967,-0.7725277461151928,-0.9082640236811769,-0.4183974943597041
-0.842061800555739,-0.5393810564386062,-0.7527830321513491,-0.6582687190692118,0.4181361519103461,0.9083843671406988,0.1333645869899583,0.9910670446226117
0.8378362526811882,0.5459216186350785,-0.14673047445536164,0.989176509964781,0.40393917261371187,0.9147858464297258,-0.9569403357322089,-0.29028467725446216
0.16740049945272573,0.9858889758907835,-0.1886189984604044,0.9820503415914044,-0.9439541455659559,0.3300766139381069,-0.928845746839588,-0.37046670373733737
-0.6618602230512234,0.7496272708103573,0.9704365059710107,-0.24135655756323748,-0.12388209028516958,-0.9922969453276459,0.8834940242424473,-0.46844242882971865
0.9792622687546159,0.20259666580070487,-0.3908566392352742,-0.9204515672025915,0.917909182012875,0.39679054118823787,-0.6944621751314134,0.7195292122712921
-0.26711492882562954,-0.9636646796466491,-0.9821919290431943,-0.18788031967826954,-0.8572992295969577,0.5148184446311755,0.9294019709551825,0.3690690672281032
-0.9304750377814115,0.36635529758102425,0.016746677967294406,0.9998597645555399,0.7315675918686384,-0.6817689187162476,-0.9994390975541195,0.03348865897893286
0.7296841994996976,-0.6837843000541072,0.9056838228359751,-0.42395378645934284,0.06487806199902936,-0.9978931992308847,0.6405263738935718,-0.7679361720525686
-0.460640628765981,-0.8875867344266033,0.9986720177998429,0.051518936941577435,-0.5756204222601634,0.8177170228612287,0.9946915982728195,0.10290104142069602
-0.26711492882562954,0.9636646796466491,-0.57727554625568,-0.8165494128925734,-0.8572992295969577,-0.5148184446311755,-0.33350588739041254,0.9427480167446302
0.9652626690636841,0.26128141861229387,-0.7694393699863304,0.638719857147904,0.8634640405758945,0.504410399012897,0.18407388816992223,-0.9829124089632845
-0.7322528614247573,-0.6810328530513452,0.7086650601360893,0.7055450606037242,0.07238850612948956,0.9973765107422276,0.004412334915374329,0.999990265602918
-0.7322528614247573,0.6810328530513452,-0.2878000660823196,0.9576905147086988,0.07238850612948956,-0.9973765107422276,-0.834342243926025,-0.5512467868391484
0.7705443782272299,0.6373863515815283,-0.9127832650613189,-0.40844425693599623,0.1874772776351766,0.9822689399398227,0.6663465779520038,0.7456421648831657
-0.5886101794985833,-0.8084170066188895,-0.674187227851595,0.7385604794475409,-0.307076113181291,0.9516849587513039,-0.09094316360356279,-0.9958560844789651
0.7705443782272299,0.6373863515815283,0.6561023574061924,0.7546719132219225,0.1874772776351766,0.9822689399398227,-0.13905939321207403,0.9902840426662897
-0.5886101794985833,-0.8084170066188895,0.836229574829087,-0.5483795202058191,-0.307076113181291,0.9516849587513039,0.398559803637671,-0.9171423460533819
-0.18298769473342458,0.9831152036135679,-0.9638568377961421,-0.2664207128464704,-0.933031007152294,-0.3597959695332562,0.8580400075327571,0.513582851615186
0.8378362526811882,-0.5459216186350785,-0.5950631927339057,0.8036789139036377,0.40393917261371187,-0.9147858464297258,-0.2917995933066611,-0.9564794808808327
-0.9573576918749708,-0.288905260955609,0.6685223985550307,0.7436920079106866,0.833067500384343,0.5531713475979958,-0.10615560526045736,0.9943495298293181
0.8028080526494864,-0.5962375622192377,-0.9323687171242713,-0.361508748618952,0.2890015387977211,-0.9573286324834066,0.7386228493439186,0.6741188963581058
-0.26711492882562954,0.9636646796466491,0.3931665722672897,0.9194672623055102,-0.8572992295969577,-0.5148184446311755,-0.6908400929031802,0.7230075836652928
0.054322929014808334,-0.9985234195467085,0.39886021681372363,-0.9170117378983267,-0.9940980387665042,-0.10848543367931905,-0.6818210548866188,-0.7315190011977122
0.33014442118559667,-0.9439304323730787,-0.11997439768694018,-0.9927769859840909,-0.7820093223200547,-0.6232667324705602,-0.9712122877993119,0.2382156418617943
-0.9573576918749708,0.288905260955609,-0.8790122264286333,0.4767992300633225,0.833067500384343,-0.5531713475979958,0.5453249884220457,-0.8382247055548385
0.9263545762067327,-0.3766526239664935,0.26416440777747774,0.9644776646784385,0.7162656017183104,-0.6978277637032698,-0.860434331327149,0.5095613422087689
-0.7322528614247573,-0.6810328530513452,0.01823144723485884,0.9998337933535366,0.07238850612948956,0.9973765107422276,-0.9993352286634452,0.03645683409430752
0.09660961880189282,-0.9953223505754067,0.9022327712600929,0.43124937850892364,-0.9813331631099059,-0.19231542574818797,0.6280479470713343,0.7781746437525978
0.33014442118559667,-0.9439304323730787,0.9838022578341724,0.17925712672132343,-0.7820093223200547,-0.6232667324705602,0.9357337650392308,0.3527071320026087
-0.9304750377814115,-0.36635529758102425,0.4033480787249084,-0.9150466258005245,0.7315675918686384,0.6817689187162476,-0.6746206547778502,-0.7381645969207036
-0.399966328630697,0.9165298336451909,-0.3677161566444925,0.9299380775850632,-0.6800538719233626,-0.7331621452871409,-0.7295696562852061,-0.6839065116138946
0.9884526692278894,0.1515299333341785,-0.9049648510566154,-0.4254863315690386,0.9540773586074789,0.29956033414418576,0.6379227632958444,0.7701003493500014
-0.22534532981160502,-0.9742789550904294,0.7745459934283101,-0.6325175919009306,-0.8984389646641979,0.43909842492671747,0.19984299187169555,-0.9798279331595775
-0.35602633016680474,0.9344759238353642,-0.8002068326045124,0.5997241241212945,-0.7464905044559147,-0.6653960675846785,0.28066194989389237,-0.959806683599233
0.9963067644861286,-0.08586519107986532,0.8460493056529448,0.533104654269844,0.9852543379216364,-0.1710961414135276,0.43159885519166025,0.9020656451707094
0.054322929014808334,-0.9985234195467085,0.9557846822895906,0.29406740910986107,-0.9940980387665042,-0.10848543367931905,0.8270487177988272,0.5621302503755833
-0.5886101794985833,0.8084170066188895,0.1246976061301894,0.9921947928836354,-0.307076113181291,-0.9516849587513039,-0.9689010140508003,0.24744863097485684
0.9456767152252041,0.32510852077555297,0.7587439934060368,0.6513889410101004,0.7886088994382637,0.6148951160374999,0.1513848950594801,0.9884748927250657
-0.3145591513585539,-0.9492378733998061,0.6444256533825324,-0.7646669714735272,-0.8021050805931728,0.5971829197880829,-0.16943115452499216,-0.9855420254237403
-0.7913045008922887,0.6114222655968671,-0.9419325439486212,0.33580214807305625,0.2523256262647882,-0.9676423814251226,0.7744738346990424,-0.6326059431957309
0.6550916766433008,-0.7555493995713775,0.9889726738148361,0.14809811088441965,-0.14170979038533815,-0.9899082459041058,0.9561338991049323,0.29292996941658117
0.6310215595294468,-0.7757652940219901,0.9988684278127494,0.047559057169860794,-0.20362358281804965,-0.9790492513251521,0.9954762721622278,0.09501048132703105
-0.992685276951662,-0.1207308615201683,-0.40150284775984946,0.9158577745702283,0.9708481181531959,0.23969549740952206,-0.6775909264814624,-0.7354390092658898
0.2909814616092115,0.956728691427077,0.34517219747731775,0.9385393726896488,-0.8306595779995339,0.5567806259898384,-0.7617123081773591,0.6479153953805388
0.41985807755111787,0.9075897722622702,0.9838460059270774,-0.1790168612766326,-0.647438389430159,0.7621177939741873,0.9359059267573258,-0.3522500479212334
-0.7322528614247573,-0.6810328530513452,-0.6134710667365598,-0.7897171963919156,0.07238850612948956,0.9973765107422276,-0.24730650055421485,0.9689373017815075
0.37360288267614206,-0.92758874834491,0.15543986204735172,0.9878453569697537,-0.7208417721121536,-0.6930996606392258,-0.9516768985734005,0.30710109202299085
0.7705443782272299,-0.6373863515815283,0.8680322153623075,0.4965078781783878,0.1874772776351766,-0.9822689399398227,0.5069598538135904,0.8619696668800492
-0.7322528614247573,-0.6810328530513452,0.9998942319271075,0.014543897651582576,0.07238850612948956,0.9973765107422276,0.9995769500822006,0.02908471874311125
0.7296841994996976,0.6837843000541072,-0.4521719072826853,-0.8919308080026941,0.06487806199902936,0.9978931992308847,-0.5910811325286773,0.8066121092375296
-0.1068714222456447,-0.9942728494267522,-0.8990720841673207,0.43780062525198654,-0.9771569982143863,0.2125187070369335,0.6166612250579393,-0.7872286411901193
-0.7322528614247573,0.6810328530513452,0.02944817324796339,0.9995663085020212,0.07238850612948956,-0.9973765107422276,-0.9982656101847158,0.05887080365118949
0.8028080526494864,-0.5962375622192377,0.957127627113011,-0.2896665417631401,0.2890015387977211,-0.9573286324834066,0.832186589165966,-0.5544956995435724
-0.842061800555739,-0.5393810564386062,0.6508138784082113,-0.7592373118276406,0.4181361519103461,0.9083843671406988,-0.15288259134252385,-0.9882443590855426
-0.14779401801380715,0.9890181637560225,-0.88280967792853,-0.4697308511857882,-0.9563138564786688,-0.29234193662028013,0.5587058548885498,0.8293658828968399
0.9456767152252041,0.32510852077555297,-0.9861583972209839,0.16580595764489367,0.7886088994382637,0.6148951160374999,0.9450167688189195,-0.3270218748815574
-0.842061800555739,-0.5393810564386062,-0.6688603470472961,0.7433880790998539,0.4181361519103461,0.9083843671406988,-0.10525167229554117,-0.9944456171551022
0.5893300375838327,0.8078923856563065,0.9754743848313617,0.220112981302504,-0.3053802136028767,0.9522305000050468,0.903100550924247,0.42942915005891424
-0.06496408107311705,-0.9978876029745662,0.9937228155537515,0.11187030816049733,-0.991559336340651,0.12965370228299633,0.9749700683041507,0.22233615520423047
-0.842061800555739,0.5393810564386062,-0.15958798005433975,-0.9871837096620748,0.4181361519103461,-0.9083843671406988,-0.9490633532443513,0.3150853083350406
0.9652626690636841,-0.26128141861229387,-0.24428877966697862,-0.9697025276489787,0.8634640405758945,-0.504410399012897,-0.8806459842576367,0.4737748942387072
-0.3145591513585539,-0.9492378733998061,-0.8362943488384003,0.5482807329288129,-0.8021050805931728,0.5971829197880829,0.3987764757980877,-0.9170481570506847
-0.399966328630697,0.9165298336451909,0.9121610560878406,0.4098319262291742,-0.6800538719233626,-0.7331621452871409,0.6640755844865696,0.747665445295435
0.8028080526494864,-0.5962375622192377,0.25656049374162604,-0.9665281749908033,0.2890015387977211,-0.9573286324834066,-0.8683534261021062,-0.4959458915816665
-0.9304750377814115,-0.36635529758102425,-0.659034316764712,-0.7521128700710215,0.7315675918686384,0.6817689187162476,-0.13134753865293858,0.9913363829144045
-0.024148277790223806,-0.9997083878210516,-0.47708307632515556,0.8788582014660419,-0.9988337213595324,0.048282471716639096,-0.5447834765682517,-0.8385767488180251
0.9041518148953461,-0.42721130090559595,0.09181197269101748,0.9957763612732449,0.6349810087570967,-0.7725277461151928,-0.9831411233411678,0.18284838417515983
-0.9304750377814115,-0.36635529758102425,0.99247953459871,0.1224106751992162,0.7315675918686384,0.6817689187162476,0.970031253194544,0.24298017990326387
0.09660961880189282,0.9953223505754067,-0.8066749069079585,-0.5909954268562798,-0.9813331631099059,0.19231542574818797,0.3014488108699272,0.9534823618846375
0.999346771197784,0.036139049469567336,-0.9618511293241339,0.27357339968989725,0.9973879382068723,0.07223088480313822,0.8503151899642234,-0.5262737668895406
-0.7913045008922887,-0.6114222655968671,0.5865824857424307,0.809889490869113,0.2523256262647882,0.9676423814251226,-0.3118419748404623,0.9501339814613519
0.054322929014808334,0.9985234195467085,0.8043307655156642,0.5941818068949819,-0.9940980387665042,0.10848543367931905,0.29389596071002894,0.9558374151906427
0.7705443782272299,0.6373863515815283,0.6890466151402611,-0.7247170221291541,0.1874772776351766,0.9822689399398227,-0.05042952432749777,-0.9987276220652467
-0.9573576918749708,-0.288905260955609,-0.11570918183405493,-0.9932831344784294,0.833067500384343,0.5531713475979958,-0.9732227704785872,0.22986395764012924
0.46168595641617,-0.8870434474410407,-0.9946987101815257,0.10283227102038102,-0.5736921552961727,-0.8190710048290271,0.9788510480735818,-0.20457425469802015
-0.22534532981160502,-0.9742789550904294,-0.9999001560151989,-0.014130746646266611,-0.8984389646641979,0.43909842492671747,0.9996006439984381,0.028258671552426465
-0.26711492882562954,0.9636646796466491,-0.6904515725555302,0.723378618674616,-0.8572992295969577,-0.5148184446311755,-0.046553251911190675,-0.9989158096338716
0.9263545762067327,0.3766526239664935,-0.002337492405289602,0.9999972680608958,0.7162656017183104,0.6978277637032698,-0.9999890722585104,-0.004674972038805389
-0.399966328630697,-0.9165298336451909,0.9983537844921286,0.05735608939113975,-0.6800538719233626,0.7331621452871409,0.9934205580195111,0.11452333781462641
0.41985807755111787,-0.9075897722622702,-0.925528779095009,0.3786772756146083,-0.647438389430159,-0.7621177939741873,0.713207041866196,-0.7009534331412253
0.5893300375838327,-0.8078923856563065,0.9297305859096303,-0.36824046168792407,-0.3053802136028767,-0.9522305000050468,0.7287979247517291,-0.684728840401493
-0.5886101794985833,-0.8084170066188895,0.5135696873289639,-0.8580478869252172,-0.307076113181291,0.9516849587513039,-0.4724923525136604,-0.8813347700029239
0.6310215595294468,0.7757652940219901,0.08832781988529832,0.9960914597738053,-0.20362358281804965,0.9790492513251521,-0.9843963924686205,0.1759651740963691
0.33014442118559667,0.9439304323730787,-0.9357337650392308,0.35270713200260884,-0.7820093223200547,0.6232667324705602,0.7511953580689885,-0.6600799451699803
-0.399966328630697,0.9165298336451909,-0.2828591326813383,0.9591614624549722,-0.6800538719233626,-0.7331621452871409,-0.8399814221175221,-0.5426151587427549
0.9041518148953461,-0.42721130090559595,0.8798405440387443,0.4752689944290563,0.6349810087570967,-0.7725277461151928,0.5482387658687873,0.8363218612464157
0.09660961880189282,-0.9953223505754067,0.5346684391974795,0.8450619267995282,-0.9813331631099059,-0.19231542574818797,-0.42825932025226243,0.9036558828542368
-0.5312628721982164,0.8472070352775062,0.9355664534188831,0.3531506919676257,-0.435519521247403,-0.9001792858161273,0.7505691775255743,0.6607918808131521
0.9982453051431874,0.059214109463746764,0.7460448514087394,0.6658956973028973,0.9929873784808309,0.11822041354084,0.1131658406269763,0.9935761130961179
-0.22534532981160502,-0.9742789550904294,0.142176803519448,0.9898412784588205,-0.8984389646641979,0.43909842492671747,-0.9595715130819845,0.2814649379257579
-0.5886101794985833,0.8084170066188895,-0.6189693610718409,0.7854151323054052,-0.307076113181291,-0.9516849587513039,-0.2337538601086341,-0.972295805238464
0.9041518148953461,-0.42721130090559595,0.8875020299724345,-0.46080380510018354,0.6349810087570967,-0.7725277461151928,0.5753197064103841,-0.8179286248908699
-0.9304750377814115,-0.36635529758102425,0.32495862277490606,-0.9457282344755475,0.7315675918686384,0.6817689187162476,-0.7888037869684726,-0.6146450891890347
0.33014442118559667,-0.9439304323730787,-0.08532913652116461,0.9963528182629647,-0.7820093223200547,-0.6232667324705602,-0.985437876921105,-0.17003585130561527
